,Variable,GABRA1,KCNQ2,SCN1A,STXBP1,Ensemble
0,N patients,5,5,5,6,21
1,"frequence_moyenne_mois, médiane [Q1-Q3]",13.0 [9.3-32.1],11.8 [9.6-12.8],15.4 [10.2-17.7],9.9 [8.2-11.6],11.8 [9.3-15.4]
2,"age_debut_crises_mois, médiane [Q1-Q3]",45.6 [35.8-139.0],109.1 [84.0-162.9],120.0 [70.8-125.7],112.5 [98.8-128.7],109.1 [68.9-139.0]
3,--- type_crise_ilae2017 ---,,,,,
4,"  Focale, n (%)",3 (60.0%),4 (80.0%),1 (20.0%),4 (66.7%),12 (57.1%)
5,"  Generalisee, n (%)",2 (40.0%),0 (0.0%),4 (80.0%),2 (33.3%),8 (38.1%)
6,"  Inconnue, n (%)",0 (0.0%),1 (20.0%),0 (0.0%),0 (0.0%),1 (4.8%)
7,--- statut_calcule_ilae ---,,,,,
8,"  False, n (%)",5 (100.0%),5 (100.0%),5 (100.0%),6 (100.0%),21 (100.0%)
